#,ID,Name,Address,Type ,Ricard-Usual,Wine_Lillet-Usual,Whisky_Campbell-Usual,Whisky_Shivas 12y - Premium,Vodka_Absolut-Usual,Vodka_AbsolutElyx-Premium,Gin_Beefeature-Usual,Gin_Beefeature24-Premium,Champange Perrier-JouÃªt
1,563a68c9-6882-4d70-8147-c560cb0aa808,Company 1,Address 1,Bar,2,15,25,0,16,8,46,21,0
2,f398b38b-0dc6-4a7c-8f4d-873533585e20,Company 2,Address 2,Restaurant,3,3,6,12,3,8,8,19,7
3,f398b38b-0dc6-4a7c-8f4d-873533585e21,Company 3,Address 3,Night Club,7,2,17,9,17,15,96,42,12
4,c459a1dc-b252-4936-af07-719d41f4752e,Company 4,Address 4,Cellarman,7,25,28,24,9,7,55,44,4
5,47ee8fdc-d0ee-4438-9587-3efa6c5bfce2,Company 5,Address 5,Bar,2,13,25,5,16,7,37,43,0
6,cd5191a6-101f-42c2-9478-a236df799c5a,Company 6,Address 6,Night Club,10,1,26,7,17,15,70,65,10
7,c57db011-0116-464b-b47b-e8a96208ce06,Company 7,Address 7,Night Club,5,2,42,7,21,13,92,70,9
8,a637fd7f-6862-4850-8622-0841b82958e0,Company 8,Address 8,Bar,1,9,22,3,13,5,66,28,0
9,5e39aa26-c288-498e-8fa9-eaa01085ec3d,Company 9,Address 9,Night Club,13,4,35,10,23,19,54,52,8
10,4f70f21c-9142-4879-af7e-f2db18306145,Company 10,Address 10,Cellarman,7,42,16,22,7,9,43,34,10
11,563a68c9-6882-4d70-8147-c560cb0aa809,Company 11,Address 11,Restaurant,3,21,6,8,4,3,15,12,5
12,f398b38b-0dc6-4a7c-8f4d-873533585e22,Company 12,Address 12,Bar,2,5,15,6,20,5,73,35,0
13,f398b38b-0dc6-4a7c-8f4d-873533585e23,Company 13,Address 13,Bar,5,9,24,0,10,9,68,15,0
14,c459a1dc-b252-4936-af07-719d41f4752e,Company 14,Address 14,Bar,2,8,23,4,13,6,40,25,0
15,47ee8fdc-d0ee-4438-9587-3efa6c5bfce3,Company 15,Address 15,Cellarman,5,22,31,11,9,4,40,35,7
16,cd5191a6-101f-42c2-9478-a236df799c5a,Company 16,Address 16,Restaurant,1,29,6,9,4,8,10,20,3
17,c57db011-0116-464b-b47b-e8a96208ce07,Company 17,Address 17,Cellarman,8,34,39,25,12,9,55,50,9
18,a637fd7f-6862-4850-8622-0841b82958e1,Company 18,Address 18,Restaurant,1,31,6,12,4,3,15,22,0
19,5e39aa26-c288-498e-8fa9-eaa01085ec3d,Company 19,Address 19,Cellarman,6,50,37,20,13,5,45,45,8
20,4f70f21c-9142-4879-af7e-f2db18306146,Company 20,Address 20,Bar,7,15,23,3,16,5,65,37,0
21,563a68c9-6882-4d70-8147-c560cb0aa810,Company 21,Address 21,Bar,1,15,10,15,7,12,40,59,0
22,f398b38b-0dc6-4a7c-8f4d-873533585e24,Company 22,Address 22,Bar,2,7,25,7,11,7,40,32,0
23,f398b38b-0dc6-4a7c-8f4d-873533585e25,Company 23,Address 23,Cellarman,7,20,43,11,10,8,33,40,8
24,c459a1dc-b252-4936-af07-719d41f4752e,Company 24,Address 24,Bar,5,9,18,2,14,8,54,28,0
25,47ee8fdc-d0ee-4438-9587-3efa6c5bfce4,Company 25,Address 25,Cellarman,1,47,17,26,4,13,27,41,3
26,cd5191a6-101f-42c2-9478-a236df799c5a,Company 26,Address 26,Night Club,8,4,45,12,22,15,76,57,10
27,c57db011-0116-464b-b47b-e8a96208ce08,Company 27,Address 27,Night Club,5,4,26,9,16,21,94,40,13
28,a637fd7f-6862-4850-8622-0841b82958e2,Company 28,Address 28,Restaurant,2,21,5,11,5,3,10,24,1
29,5e39aa26-c288-498e-8fa9-eaa01085ec3d,Company 29,Address 29,Bar,3,12,29,3,13,10,61,43,0
30,4f70f21c-9142-4879-af7e-f2db18306147,Company 30,Address 30,Cellarman,9,16,27,25,10,9,42,50,10
31,563a68c9-6882-4d70-8147-c560cb0aa811,Company 31,Address 31,Bar,3,6,17,5,20,5,28,34,0
32,f398b38b-0dc6-4a7c-8f4d-873533585e26,Company 32,Address 32,Bar,6,11,17,4,17,7,27,24,0
33,f398b38b-0dc6-4a7c-8f4d-873533585e27,Company 33,Address 33,Restaurant,1,29,8,10,5,1,13,16,1
34,c459a1dc-b252-4936-af07-719d41f4752e,Company 34,Address 34,Cellarman,6,30,33,15,7,8,36,53,9
35,47ee8fdc-d0ee-4438-9587-3efa6c5bfce5,Company 35,Address 35,Cellarman,9,19,37,19,7,5,50,37,2
36,cd5191a6-101f-42c2-9478-a236df799c5a,Company 36,Address 36,Bar,3,8,19,0,16,6,38,43,0
37,c57db011-0116-464b-b47b-e8a96208ce09,Company 37,Address 37,Night Club,10,0,45,10,17,10,93,41,12
38,a637fd7f-6862-4850-8622-0841b82958e3,Company 38,Address 38,Cellarman,0,43,27,21,13,8,38,55,3
39,5e39aa26-c288-498e-8fa9-eaa01085ec3d,Company 39,Address 39,Bar,1,11,19,6,16,8,36,17,0
40,4f70f21c-9142-4879-af7e-f2db18306148,Company 40,Address 40,Cellarman,6,33,38,20,10,7,44,44,2
41,563a68c9-6882-4d70-8147-c560cb0aa812,Company 41,Address 41,Bar,3,7,26,2,15,9,55,43,0
42,f398b38b-0dc6-4a7c-8f4d-873533585e28,Company 42,Address 42,Restaurant,0,37,7,12,4,2,12,13,2
43,f398b38b-0dc6-4a7c-8f4d-873533585e29,Company 43,Address 43,Night Club,4,0,10,27,13,19,81,90,13
44,c459a1dc-b252-4936-af07-719d41f4752e,Company 44,Address 44,Night Club,6,4,36,12,15,11,42,69,10
45,47ee8fdc-d0ee-4438-9587-3efa6c5bfce6,Company 45,Address 45,Night Club,7,0,19,8,22,21,64,68,9
46,cd5191a6-101f-42c2-9478-a236df799c5a,Company 46,Address 46,Bar,7,13,30,5,10,6,47,37,0
47,c57db011-0116-464b-b47b-e8a96208ce10,Company 47,Address 47,Cellarman,10,48,16,25,11,3,40,49,2
48,a637fd7f-6862-4850-8622-0841b82958e4,Company 48,Address 48,Night Club,13,2,43,7,15,12,87,49,13
49,5e39aa26-c288-498e-8fa9-eaa01085ec3d,Company 49,Address 49,Bar,4,8,21,3,15,9,43,36,0
50,4f70f21c-9142-4879-af7e-f2db18306149,Company 50,Address 50,Night Club,10,3,30,12,25,21,87,48,10
51,563a68c9-6882-4d70-8147-c560cb0aa813,Company 51,Address 51,Bar,3,11,28,2,10,8,33,37,0
52,f398b38b-0dc6-4a7c-8f4d-873533585e30,Company 52,Address 52,Bar,5,9,25,7,10,6,39,21,0
53,f398b38b-0dc6-4a7c-8f4d-873533585e31,Company 53,Address 53,Restaurant,3,12,6,8,3,1,15,21,4
54,c459a1dc-b252-4936-af07-719d41f4752e,Company 54,Address 54,Bar,1,15,22,1,10,5,68,23,0
55,47ee8fdc-d0ee-4438-9587-3efa6c5bfce7,Company 55,Address 55,Cellarman,3,38,21,24,10,10,48,49,8
56,cd5191a6-101f-42c2-9478-a236df799c5a,Company 56,Address 56,Restaurant,0,31,5,8,2,5,13,21,3
57,c57db011-0116-464b-b47b-e8a96208ce11,Company 57,Address 57,Cellarman,5,20,28,23,9,9,33,32,6
58,a637fd7f-6862-4850-8622-0841b82958e5,Company 58,Address 58,Night Club,6,0,31,14,22,18,97,56,14
59,5e39aa26-c288-498e-8fa9-eaa01085ec3d,Company 59,Address 59,Night Club,5,3,40,10,16,12,95,45,7
60,4f70f21c-9142-4879-af7e-f2db18306150,Company 60,Address 60,Night Club,10,3,32,7,25,18,42,62,5
61,563a68c9-6882-4d70-8147-c560cb0aa814,Company 61,Address 61,Restaurant,1,43,7,12,4,4,10,20,1
62,f398b38b-0dc6-4a7c-8f4d-873533585e32,Company 62,Address 62,Restaurant,1,27,7,8,3,4,13,25,2
63,f398b38b-0dc6-4a7c-8f4d-873533585e33,Company 63,Address 63,Cellarman,10,46,43,10,8,8,38,42,5
64,c459a1dc-b252-4936-af07-719d41f4752e,Company 64,Address 64,Bar,7,5,29,7,17,7,54,28,0
65,47ee8fdc-d0ee-4438-9587-3efa6c5bfce8,Company 65,Address 65,Bar,2,11,29,2,14,8,37,22,0
66,cd5191a6-101f-42c2-9478-a236df799c5a,Company 66,Address 66,Bar,6,14,12,22,9,13,35,43,0
67,c57db011-0116-464b-b47b-e8a96208ce12,Company 67,Address 67,Restaurant,3,31,10,10,3,5,12,11,1
68,a637fd7f-6862-4850-8622-0841b82958e6,Company 68,Address 68,Night Club,12,2,24,13,24,16,40,48,10
69,5e39aa26-c288-498e-8fa9-eaa01085ec3d,Company 69,Address 69,Cellarman,1,24,17,14,8,5,39,55,9
70,4f70f21c-9142-4879-af7e-f2db18306151,Company 70,Address 70,Cellarman,3,14,17,25,8,12,29,33,4
71,563a68c9-6882-4d70-8147-c560cb0aa815,Company 71,Address 71,Night Club,0,3,15,23,20,25,60,74,5
72,f398b38b-0dc6-4a7c-8f4d-873533585e34,Company 72,Address 72,Night Club,0,4,31,13,25,16,97,52,9
73,f398b38b-0dc6-4a7c-8f4d-873533585e35,Company 73,Address 73,Bar,6,7,17,4,17,6,38,37,0
74,c459a1dc-b252-4936-af07-719d41f4752e,Company 74,Address 74,Night Club,4,2,19,11,22,21,50,61,6
75,47ee8fdc-d0ee-4438-9587-3efa6c5bfce9,Company 75,Address 75,Cellarman,8,26,18,23,11,4,41,50,10
76,cd5191a6-101f-42c2-9478-a236df799c5a,Company 76,Address 76,Cellarman,7,20,24,16,7,8,47,49,5
77,c57db011-0116-464b-b47b-e8a96208ce13,Company 77,Address 77,Cellarman,8,39,35,24,8,5,45,48,8
78,a637fd7f-6862-4850-8622-0841b82958e7,Company 78,Address 78,Cellarman,1,50,25,25,11,8,35,46,9
79,5e39aa26-c288-498e-8fa9-eaa01085ec3d,Company 79,Address 79,Bar,2,5,22,5,18,10,25,27,0
80,4f70f21c-9142-4879-af7e-f2db18306152,Company 80,Address 80,Night Club,2,3,37,11,16,21,40,47,6
81,563a68c9-6882-4d70-8147-c560cb0aa816,Company 81,Address 81,Restaurant,0,37,6,8,5,2,14,18,5
82,f398b38b-0dc6-4a7c-8f4d-873533585e36,Company 82,Address 82,Night Club,13,0,40,6,22,21,95,47,10
83,f398b38b-0dc6-4a7c-8f4d-873533585e37,Company 83,Address 83,Night Club,6,0,41,14,23,17,64,41,8
84,c459a1dc-b252-4936-af07-719d41f4752e,Company 84,Address 84,Bar,6,13,24,6,20,7,70,25,0
85,47ee8fdc-d0ee-4438-9587-3efa6c5bfce10,Company 85,Address 85,Cellarman,0,28,18,19,9,8,42,31,10
86,cd5191a6-101f-42c2-9478-a236df799c5a,Company 86,Address 86,Bar,3,9,29,3,17,9,38,30,0
87,c57db011-0116-464b-b47b-e8a96208ce14,Company 87,Address 87,Restaurant,3,35,10,9,5,0,11,19,4
88,a637fd7f-6862-4850-8622-0841b82958e8,Company 88,Address 88,Night Club,2,0,32,14,24,14,89,49,6
89,5e39aa26-c288-498e-8fa9-eaa01085ec3d,Company 89,Address 89,Night Club,8,0,23,10,15,13,58,58,5
90,4f70f21c-9142-4879-af7e-f2db18306153,Company 90,Address 90,Cellarman,1,22,42,25,7,7,48,55,2
91,563a68c9-6882-4d70-8147-c560cb0aa817,Company 91,Address 91,Night Club,0,0,30,7,20,16,53,64,14
92,f398b38b-0dc6-4a7c-8f4d-873533585e38,Company 92,Address 92,Night Club,3,4,39,8,16,10,56,54,11
93,f398b38b-0dc6-4a7c-8f4d-873533585e39,Company 93,Address 93,Bar,1,7,20,0,12,5,70,42,0
94,c459a1dc-b252-4936-af07-719d41f4752e,Company 94,Address 94,Cellarman,4,25,33,13,12,8,30,44,2
95,47ee8fdc-d0ee-4438-9587-3efa6c5bfce11,Company 95,Address 95,Bar,7,15,16,0,11,9,53,38,0
96,cd5191a6-101f-42c2-9478-a236df799c5a,Company 96,Address 96,Night Club,4,3,19,11,20,17,80,52,10
97,c57db011-0116-464b-b47b-e8a96208ce15,Company 97,Address 97,Bar,1,9,27,4,20,8,48,46,0
98,a637fd7f-6862-4850-8622-0841b82958e9,Company 98,Address 98,Restaurant,0,21,7,10,3,5,11,17,5
99,5e39aa26-c288-498e-8fa9-eaa01085ec3d,Company 99,Address 99,Restaurant,1,40,7,12,5,0,11,12,2
100,4f70f21c-9142-4879-af7e-f2db18306154,Company 100,Address 100,Bar,1,9,10,10,13,18,25,35,0
101,563a68c9-6882-4d70-8147-c560cb0aa818,Company 101,Address 101,Cellarman,2,34,35,24,8,5,38,52,10
102,f398b38b-0dc6-4a7c-8f4d-873533585e40,Company 102,Address 102,Cellarman,4,11,18,15,8,9,55,51,10
103,f398b38b-0dc6-4a7c-8f4d-873533585e41,Company 103,Address 103,Restaurant,3,14,7,10,2,4,14,19,5
104,c459a1dc-b252-4936-af07-719d41f4752e,Company 104,Address 104,Cellarman,2,44,44,22,8,5,32,42,10
105,47ee8fdc-d0ee-4438-9587-3efa6c5bfce12,Company 105,Address 105,Bar,4,8,28,2,18,8,38,40,0
106,cd5191a6-101f-42c2-9478-a236df799c5a,Company 106,Address 106,Bar,1,13,20,0,10,10,67,48,0
107,c57db011-0116-464b-b47b-e8a96208ce16,Company 107,Address 107,Restaurant,0,45,7,7,2,3,11,20,5
108,a637fd7f-6862-4850-8622-0841b82958e10,Company 108,Address 108,Bar,2,14,19,6,12,9,56,27,0
109,5e39aa26-c288-498e-8fa9-eaa01085ec3d,Company 109,Address 109,Night Club,8,3,37,8,17,12,67,66,9
110,4f70f21c-9142-4879-af7e-f2db18306155,Company 110,Address 110,Night Club,6,1,23,12,22,11,46,42,10
111,563a68c9-6882-4d70-8147-c560cb0aa819,Company 111,Address 111,Bar,2,9,29,5,11,5,57,37,0
112,f398b38b-0dc6-4a7c-8f4d-873533585e42,Company 112,Address 112,Cellarman,7,44,23,15,9,7,50,49,6
113,f398b38b-0dc6-4a7c-8f4d-873533585e43,Company 113,Address 113,Bar,5,6,19,2,15,6,58,38,0
114,c459a1dc-b252-4936-af07-719d41f4752e,Company 114,Address 114,Night Club,0,0,25,9,18,16,99,70,12
115,47ee8fdc-d0ee-4438-9587-3efa6c5bfce13,Company 115,Address 115,Night Club,14,3,18,22,16,24,59,69,14
116,cd5191a6-101f-42c2-9478-a236df799c5a,Company 116,Address 116,Restaurant,0,28,6,8,5,1,14,21,1
117,c57db011-0116-464b-b47b-e8a96208ce17,Company 117,Address 117,Restaurant,3,31,5,7,5,2,14,18,3
118,a637fd7f-6862-4850-8622-0841b82958e11,Company 118,Address 118,Night Club,6,4,35,15,17,14,65,68,12
119,5e39aa26-c288-498e-8fa9-eaa01085ec3d,Company 119,Address 119,Bar,0,14,30,4,16,5,34,27,0
120,4f70f21c-9142-4879-af7e-f2db18306156,Company 120,Address 120,Night Club,0,3,33,11,17,21,58,45,6
121,563a68c9-6882-4d70-8147-c560cb0aa820,Company 121,Address 121,Bar,0,5,29,4,15,7,33,29,0
122,f398b38b-0dc6-4a7c-8f4d-873533585e44,Company 122,Address 122,Bar,7,13,16,2,14,7,57,41,0
123,f398b38b-0dc6-4a7c-8f4d-873533585e45,Company 123,Address 123,Night Club,5,3,25,14,23,13,49,48,10
124,c459a1dc-b252-4936-af07-719d41f4752e,Company 124,Address 124,Restaurant,0,41,9,9,4,5,14,16,1
125,47ee8fdc-d0ee-4438-9587-3efa6c5bfce14,Company 125,Address 125,Restaurant,2,40,9,12,5,0,10,16,5
126,cd5191a6-101f-42c2-9478-a236df799c5a,Company 126,Address 126,Restaurant,2,21,8,9,5,4,13,15,3
127,c57db011-0116-464b-b47b-e8a96208ce18,Company 127,Address 127,Bar,5,11,24,7,18,8,31,37,0
128,a637fd7f-6862-4850-8622-0841b82958e12,Company 128,Address 128,Night Club,12,4,43,7,19,19,49,44,10
129,5e39aa26-c288-498e-8fa9-eaa01085ec3d,Company 129,Address 129,Cellarman,3,32,39,10,12,3,38,47,2
130,4f70f21c-9142-4879-af7e-f2db18306157,Company 130,Address 130,Restaurant,3,30,10,10,5,1,11,16,4
131,563a68c9-6882-4d70-8147-c560cb0aa821,Company 131,Address 131,Cellarman,1,30,33,22,13,8,51,35,2
132,f398b38b-0dc6-4a7c-8f4d-873533585e46,Company 132,Address 132,Cellarman,3,35,38,23,9,6,37,43,8
133,f398b38b-0dc6-4a7c-8f4d-873533585e47,Company 133,Address 133,Cellarman,5,11,42,12,11,5,42,33,8
134,c459a1dc-b252-4936-af07-719d41f4752e,Company 134,Address 134,Restaurant,2,28,9,11,1,4,12,15,3
135,47ee8fdc-d0ee-4438-9587-3efa6c5bfce15,Company 135,Address 135,Night Club,9,3,35,6,16,19,70,41,12
136,cd5191a6-101f-42c2-9478-a236df799c5a,Company 136,Address 136,Restaurant,1,40,6,8,2,4,15,21,1
137,c57db011-0116-464b-b47b-e8a96208ce19,Company 137,Address 137,Night Club,3,1,22,11,19,19,92,64,10
138,a637fd7f-6862-4850-8622-0841b82958e13,Company 138,Address 138,Cellarman,8,11,19,24,5,9,42,50,5
139,5e39aa26-c288-498e-8fa9-eaa01085ec3d,Company 139,Address 139,Restaurant,1,30,8,11,5,2,11,19,2
140,4f70f21c-9142-4879-af7e-f2db18306158,Company 140,Address 140,Restaurant,2,38,5,10,2,0,15,13,2
141,563a68c9-6882-4d70-8147-c560cb0aa822,Company 141,Address 141,Night Club,0,1,18,7,18,20,83,58,12
142,f398b38b-0dc6-4a7c-8f4d-873533585e48,Company 142,Address 142,Restaurant,2,45,5,8,5,2,12,18,2
143,f398b38b-0dc6-4a7c-8f4d-873533585e49,Company 143,Address 143,Bar,7,6,15,18,10,18,30,42,0
144,c459a1dc-b252-4936-af07-719d41f4752e,Company 144,Address 144,Cellarman,4,10,22,22,9,4,52,38,3
145,47ee8fdc-d0ee-4438-9587-3efa6c5bfce16,Company 145,Address 145,Night Club,2,4,45,7,15,13,90,67,11
146,cd5191a6-101f-42c2-9478-a236df799c5a,Company 146,Address 146,Cellarman,1,23,36,12,10,6,53,36,9
147,c57db011-0116-464b-b47b-e8a96208ce20,Company 147,Address 147,Restaurant,3,14,7,10,3,1,12,17,3
148,a637fd7f-6862-4850-8622-0841b82958e14,Company 148,Address 148,Cellarman,1,16,39,10,11,6,49,48,8
149,5e39aa26-c288-498e-8fa9-eaa01085ec3d,Company 149,Address 149,Cellarman,6,46,40,14,12,8,46,36,10
150,4f70f21c-9142-4879-af7e-f2db18306159,Company 150,Address 150,Cellarman,5,20,17,16,13,4,48,38,5
151,563a68c9-6882-4d70-8147-c560cb0aa823,Company 151,Address 151,Restaurant,1,47,5,10,2,2,13,13,5
152,f398b38b-0dc6-4a7c-8f4d-873533585e50,Company 152,Address 152,Night Club,5,2,18,12,21,18,98,70,8
153,f398b38b-0dc6-4a7c-8f4d-873533585e51,Company 153,Address 153,Restaurant,2,15,6,6,5,0,15,10,5
154,c459a1dc-b252-4936-af07-719d41f4752e,Company 154,Address 154,Restaurant,2,17,10,9,4,1,14,10,1
155,47ee8fdc-d0ee-4438-9587-3efa6c5bfce17,Company 155,Address 155,Restaurant,2,10,6,8,3,0,11,22,3
156,cd5191a6-101f-42c2-9478-a236df799c5a,Company 156,Address 156,Bar,1,11,23,4,18,5,70,15,0
157,c57db011-0116-464b-b47b-e8a96208ce21,Company 157,Address 157,Bar,4,5,21,7,19,10,46,25,0
158,a637fd7f-6862-4850-8622-0841b82958e15,Company 158,Address 158,Restaurant,0,21,10,6,3,3,13,10,5
159,5e39aa26-c288-498e-8fa9-eaa01085ec3d,Company 159,Address 159,Bar,4,8,26,2,11,8,49,50,0
160,4f70f21c-9142-4879-af7e-f2db18306160,Company 160,Address 160,Restaurant,0,12,8,12,4,4,14,19,0
161,563a68c9-6882-4d70-8147-c560cb0aa824,Company 161,Address 161,Restaurant,3,45,5,8,5,0,11,16,3
162,f398b38b-0dc6-4a7c-8f4d-873533585e52,Company 162,Address 162,Restaurant,0,14,7,10,2,5,15,21,0
163,f398b38b-0dc6-4a7c-8f4d-873533585e53,Company 163,Address 163,Restaurant,0,40,5,8,5,1,10,23,4
164,c459a1dc-b252-4936-af07-719d41f4752e,Company 164,Address 164,Restaurant,1,22,10,10,4,4,11,17,1
165,47ee8fdc-d0ee-4438-9587-3efa6c5bfce18,Company 165,Address 165,Night Club,11,1,28,11,17,11,61,61,8
166,cd5191a6-101f-42c2-9478-a236df799c5a,Company 166,Address 166,Night Club,13,2,21,13,16,14,93,54,10
167,c57db011-0116-464b-b47b-e8a96208ce22,Company 167,Address 167,Bar,2,11,16,3,19,9,46,41,0
168,a637fd7f-6862-4850-8622-0841b82958e16,Company 168,Address 168,Cellarman,9,37,17,25,7,8,54,52,7
169,5e39aa26-c288-498e-8fa9-eaa01085ec3d,Company 169,Address 169,Cellarman,2,40,30,13,7,5,50,37,8
170,4f70f21c-9142-4879-af7e-f2db18306161,Company 170,Address 170,Bar,6,8,22,0,13,8,51,28,0
171,563a68c9-6882-4d70-8147-c560cb0aa825,Company 171,Address 171,Restaurant,0,11,6,12,5,2,10,17,3
172,f398b38b-0dc6-4a7c-8f4d-873533585e54,Company 172,Address 172,Night Club,15,4,18,12,17,18,68,61,5
173,f398b38b-0dc6-4a7c-8f4d-873533585e55,Company 173,Address 173,Restaurant,2,41,5,12,4,5,10,20,0
174,c459a1dc-b252-4936-af07-719d41f4752e,Company 174,Address 174,Bar,4,15,25,3,15,8,25,21,0
175,47ee8fdc-d0ee-4438-9587-3efa6c5bfce19,Company 175,Address 175,Cellarman,10,49,22,16,11,9,54,45,4
176,cd5191a6-101f-42c2-9478-a236df799c5a,Company 176,Address 176,Night Club,1,3,19,13,17,19,79,54,11
177,c57db011-0116-464b-b47b-e8a96208ce23,Company 177,Address 177,Restaurant,3,45,5,7,2,3,15,25,4
178,a637fd7f-6862-4850-8622-0841b82958e17,Company 178,Address 178,Bar,0,5,28,5,11,8,55,36,0
179,5e39aa26-c288-498e-8fa9-eaa01085ec3d,Company 179,Address 179,Cellarman,3,38,29,20,7,3,43,47,3
180,4f70f21c-9142-4879-af7e-f2db18306162,Company 180,Address 180,Restaurant,3,38,9,7,5,2,12,25,2
181,563a68c9-6882-4d70-8147-c560cb0aa826,Company 181,Address 181,Restaurant,1,23,7,7,4,3,15,20,1
182,f398b38b-0dc6-4a7c-8f4d-873533585e56,Company 182,Address 182,Night Club,6,1,14,25,13,19,47,67,5
183,f398b38b-0dc6-4a7c-8f4d-873533585e57,Company 183,Address 183,Bar,4,8,29,2,18,9,72,49,0
184,c459a1dc-b252-4936-af07-719d41f4752e,Company 184,Address 184,Bar,0,10,26,0,14,5,52,24,0
185,47ee8fdc-d0ee-4438-9587-3efa6c5bfce20,Company 185,Address 185,Cellarman,3,36,24,23,7,8,35,42,3
186,cd5191a6-101f-42c2-9478-a236df799c5a,Company 186,Address 186,Bar,6,9,27,6,19,7,70,38,0
187,c57db011-0116-464b-b47b-e8a96208ce24,Company 187,Address 187,Bar,2,11,17,7,12,9,65,30,0
188,a637fd7f-6862-4850-8622-0841b82958e18,Company 188,Address 188,Night Club,0,2,18,13,21,21,45,66,6
189,5e39aa26-c288-498e-8fa9-eaa01085ec3d,Company 189,Address 189,Cellarman,4,11,18,14,12,6,45,34,9
190,4f70f21c-9142-4879-af7e-f2db18306163,Company 190,Address 190,Bar,2,14,15,2,12,10,43,38,0
191,563a68c9-6882-4d70-8147-c560cb0aa827,Company 191,Address 191,Cellarman,4,35,20,37,4,10,33,45,10
192,f398b38b-0dc6-4a7c-8f4d-873533585e58,Company 192,Address 192,Cellarman,5,18,36,13,9,9,53,53,8
193,f398b38b-0dc6-4a7c-8f4d-873533585e59,Company 193,Address 193,Bar,4,9,23,6,13,8,49,28,0
194,c459a1dc-b252-4936-af07-719d41f4752e,Company 194,Address 194,Cellarman,1,43,25,17,7,9,46,51,5
195,47ee8fdc-d0ee-4438-9587-3efa6c5bfce21,Company 195,Address 195,Restaurant,1,43,9,10,2,2,11,16,3
196,cd5191a6-101f-42c2-9478-a236df799c5a,Company 196,Address 196,Cellarman,3,15,41,15,8,10,36,43,9
197,c57db011-0116-464b-b47b-e8a96208ce25,Company 197,Address 197,Restaurant,2,43,7,9,3,0,12,22,4
198,a637fd7f-6862-4850-8622-0841b82958e19,Company 198,Address 198,Bar,1,7,15,22,8,19,41,52,0
199,5e39aa26-c288-498e-8fa9-eaa01085ec3d,Company 199,Address 199,Cellarman,9,26,20,20,13,10,48,42,3
200,4f70f21c-9142-4879-af7e-f2db18306164,Company 200,Address 200,Restaurant,1,13,6,7,5,3,13,15,1
201,563a68c9-6882-4d70-8147-c560cb0aa828,Company 201,Address 201,Night Club,7,3,42,6,15,18,69,44,6
202,f398b38b-0dc6-4a7c-8f4d-873533585e60,Company 202,Address 202,Cellarman,5,15,24,11,13,10,37,53,10
203,f398b38b-0dc6-4a7c-8f4d-873533585e61,Company 203,Address 203,Bar,3,12,26,0,13,6,72,49,0
204,c459a1dc-b252-4936-af07-719d41f4752e,Company 204,Address 204,Cellarman,5,29,34,11,7,10,32,44,8
205,47ee8fdc-d0ee-4438-9587-3efa6c5bfce22,Company 205,Address 205,Night Club,8,3,25,9,22,14,44,46,7
206,cd5191a6-101f-42c2-9478-a236df799c5a,Company 206,Address 206,Cellarman,3,32,27,12,13,5,34,31,7
207,c57db011-0116-464b-b47b-e8a96208ce26,Company 207,Address 207,Night Club,14,4,34,10,16,20,42,59,6
208,a637fd7f-6862-4850-8622-0841b82958e20,Company 208,Address 208,Night Club,8,1,27,15,15,18,55,70,13
209,5e39aa26-c288-498e-8fa9-eaa01085ec3d,Company 209,Address 209,Restaurant,0,31,4,8,4,4,12,21,2
210,4f70f21c-9142-4879-af7e-f2db18306165,Company 210,Address 210,Night Club,9,1,43,12,20,19,87,70,5
211,563a68c9-6882-4d70-8147-c560cb0aa829,Company 211,Address 211,Bar,6,14,21,7,13,7,32,43,0
212,f398b38b-0dc6-4a7c-8f4d-873533585e62,Company 212,Address 212,Cellarman,8,10,32,25,7,9,31,44,8
213,f398b38b-0dc6-4a7c-8f4d-873533585e63,Company 213,Address 213,Night Club,9,0,42,14,19,15,81,65,10
214,c459a1dc-b252-4936-af07-719d41f4752e,Company 214,Address 214,Restaurant,2,40,10,12,3,4,13,13,0
215,47ee8fdc-d0ee-4438-9587-3efa6c5bfce23,Company 215,Address 215,Night Club,1,0,23,15,23,19,61,60,7
216,cd5191a6-101f-42c2-9478-a236df799c5a,Company 216,Address 216,Bar,3,12,28,6,17,10,55,16,0
217,c57db011-0116-464b-b47b-e8a96208ce27,Company 217,Address 217,Bar,1,9,27,1,12,5,42,35,0
218,a637fd7f-6862-4850-8622-0841b82958e21,Company 218,Address 218,Cellarman,6,25,30,11,13,3,50,35,10
219,5e39aa26-c288-498e-8fa9-eaa01085ec3d,Company 219,Address 219,Bar,2,8,24,4,14,8,65,40,0
220,4f70f21c-9142-4879-af7e-f2db18306166,Company 220,Address 220,Night Club,1,4,24,6,23,15,97,47,7
221,563a68c9-6882-4d70-8147-c560cb0aa830,Company 221,Address 221,Restaurant,3,47,10,7,4,4,10,13,4
222,f398b38b-0dc6-4a7c-8f4d-873533585e64,Company 222,Address 222,Cellarman,1,30,15,24,7,5,43,40,6
223,f398b38b-0dc6-4a7c-8f4d-873533585e65,Company 223,Address 223,Cellarman,10,20,18,41,8,10,40,49,9
224,c459a1dc-b252-4936-af07-719d41f4752e,Company 224,Address 224,Restaurant,1,46,8,10,2,1,14,24,5
225,47ee8fdc-d0ee-4438-9587-3efa6c5bfce24,Company 225,Address 225,Cellarman,1,32,15,15,11,9,46,50,3
226,cd5191a6-101f-42c2-9478-a236df799c5a,Company 226,Address 226,Restaurant,0,21,9,8,5,1,10,18,5
227,c57db011-0116-464b-b47b-e8a96208ce28,Company 227,Address 227,Night Club,15,4,27,11,15,13,66,51,7
228,a637fd7f-6862-4850-8622-0841b82958e22,Company 228,Address 228,Cellarman,2,33,34,12,7,8,40,54,9
229,5e39aa26-c288-498e-8fa9-eaa01085ec3d,Company 229,Address 229,Bar,7,13,29,5,13,10,38,46,0
230,4f70f21c-9142-4879-af7e-f2db18306167,Company 230,Address 230,Restaurant,2,25,7,7,5,1,10,14,4
231,563a68c9-6882-4d70-8147-c560cb0aa831,Company 231,Address 231,Restaurant,1,49,7,10,3,3,14,24,3
232,f398b38b-0dc6-4a7c-8f4d-873533585e66,Company 232,Address 232,Restaurant,1,27,6,8,2,1,11,17,2
233,f398b38b-0dc6-4a7c-8f4d-873533585e67,Company 233,Address 233,Night Club,12,2,28,14,23,17,77,65,9
234,c459a1dc-b252-4936-af07-719d41f4752e,Company 234,Address 234,Night Club,13,3,25,10,19,10,51,59,11
235,47ee8fdc-d0ee-4438-9587-3efa6c5bfce25,Company 235,Address 235,Bar,4,15,18,4,13,6,65,41,0
236,cd5191a6-101f-42c2-9478-a236df799c5a,Company 236,Address 236,Bar,7,6,15,0,20,5,51,24,0
237,c57db011-0116-464b-b47b-e8a96208ce29,Company 237,Address 237,Restaurant,2,35,9,10,5,0,12,17,1
238,a637fd7f-6862-4850-8622-0841b82958e23,Company 238,Address 238,Night Club,4,4,26,15,17,19,84,51,12
239,5e39aa26-c288-498e-8fa9-eaa01085ec3d,Company 239,Address 239,Bar,3,9,29,7,19,9,45,21,0
240,4f70f21c-9142-4879-af7e-f2db18306168,Company 240,Address 240,Night Club,3,0,32,13,24,13,81,45,10
241,563a68c9-6882-4d70-8147-c560cb0aa832,Company 241,Address 241,Night Club,8,3,42,11,15,13,62,55,13
242,f398b38b-0dc6-4a7c-8f4d-873533585e68,Company 242,Address 242,Cellarman,2,48,36,16,11,7,55,39,5
243,f398b38b-0dc6-4a7c-8f4d-873533585e69,Company 243,Address 243,Bar,3,5,20,4,11,9,70,17,0
244,c459a1dc-b252-4936-af07-719d41f4752e,Company 244,Address 244,Bar,3,10,30,1,10,10,63,35,0
245,47ee8fdc-d0ee-4438-9587-3efa6c5bfce26,Company 245,Address 245,Night Club,8,0,13,17,12,15,70,82,13
246,cd5191a6-101f-42c2-9478-a236df799c5a,Company 246,Address 246,Bar,7,14,5,21,10,13,40,69,0
247,c57db011-0116-464b-b47b-e8a96208ce30,Company 247,Address 247,Restaurant,1,49,7,8,4,2,15,21,3
248,a637fd7f-6862-4850-8622-0841b82958e24,Company 248,Address 248,Night Club,3,1,15,10,20,21,92,53,12
249,5e39aa26-c288-498e-8fa9-eaa01085ec3d,Company 249,Address 249,Bar,4,5,26,4,20,6,36,47,0
250,4f70f21c-9142-4879-af7e-f2db18306169,Company 250,Address 250,Restaurant,2,35,9,7,5,2,10,21,0
251,563a68c9-6882-4d70-8147-c560cb0aa833,Company 251,Address 251,Night Club,9,2,34,13,24,20,94,60,9
252,f398b38b-0dc6-4a7c-8f4d-873533585e70,Company 252,Address 252,Restaurant,0,49,8,11,3,5,13,21,0
253,f398b38b-0dc6-4a7c-8f4d-873533585e71,Company 253,Address 253,Cellarman,3,21,29,21,12,4,34,30,7
254,c459a1dc-b252-4936-af07-719d41f4752e,Company 254,Address 254,Cellarman,3,45,42,19,13,5,48,39,3
255,47ee8fdc-d0ee-4438-9587-3efa6c5bfce27,Company 255,Address 255,Restaurant,0,36,5,12,3,4,12,17,5
256,cd5191a6-101f-42c2-9478-a236df799c5a,Company 256,Address 256,Night Club,3,4,26,10,18,13,62,55,13
257,c57db011-0116-464b-b47b-e8a96208ce31,Company 257,Address 257,Restaurant,0,26,9,9,5,1,11,12,0
258,a637fd7f-6862-4850-8622-0841b82958e25,Company 258,Address 258,Bar,7,7,26,3,10,9,53,17,0
259,5e39aa26-c288-498e-8fa9-eaa01085ec3d,Company 259,Address 259,Bar,5,5,29,0,16,8,58,50,0
260,4f70f21c-9142-4879-af7e-f2db18306170,Company 260,Address 260,Restaurant,0,21,8,6,5,3,13,10,5
261,563a68c9-6882-4d70-8147-c560cb0aa834,Company 261,Address 261,Night Club,8,1,32,13,18,15,49,41,7
262,f398b38b-0dc6-4a7c-8f4d-873533585e72,Company 262,Address 262,Night Club,7,1,33,12,23,15,63,66,12
263,f398b38b-0dc6-4a7c-8f4d-873533585e73,Company 263,Address 263,Cellarman,9,27,15,18,13,5,39,49,7
264,c459a1dc-b252-4936-af07-719d41f4752e,Company 264,Address 264,Night Club,3,1,18,12,24,17,70,54,14
265,47ee8fdc-d0ee-4438-9587-3efa6c5bfce28,Company 265,Address 265,Restaurant,3,18,10,6,5,3,15,25,2
266,cd5191a6-101f-42c2-9478-a236df799c5a,Company 266,Address 266,Night Club,2,0,39,14,24,11,68,55,6
267,c57db011-0116-464b-b47b-e8a96208ce32,Company 267,Address 267,Bar,4,9,16,4,10,5,53,46,0
268,a637fd7f-6862-4850-8622-0841b82958e26,Company 268,Address 268,Restaurant,3,16,8,8,3,4,15,10,0
269,5e39aa26-c288-498e-8fa9-eaa01085ec3d,Company 269,Address 269,Cellarman,6,19,29,10,8,9,39,50,10
270,4f70f21c-9142-4879-af7e-f2db18306171,Company 270,Address 270,Bar,3,8,22,7,13,9,71,17,0
271,563a68c9-6882-4d70-8147-c560cb0aa835,Company 271,Address 271,Bar,7,11,22,1,12,9,40,41,0
272,f398b38b-0dc6-4a7c-8f4d-873533585e74,Company 272,Address 272,Restaurant,0,10,5,10,3,0,11,10,3
273,f398b38b-0dc6-4a7c-8f4d-873533585e75,Company 273,Address 273,Restaurant,0,17,6,9,2,5,12,10,4
274,c459a1dc-b252-4936-af07-719d41f4752e,Company 274,Address 274,Bar,5,8,26,4,14,7,27,45,0
275,47ee8fdc-d0ee-4438-9587-3efa6c5bfce29,Company 275,Address 275,Bar,1,10,16,3,18,10,37,19,0
276,cd5191a6-101f-42c2-9478-a236df799c5a,Company 276,Address 276,Restaurant,2,26,7,6,3,4,13,15,4
277,c57db011-0116-464b-b47b-e8a96208ce33,Company 277,Address 277,Restaurant,3,22,9,11,5,2,15,18,3
278,a637fd7f-6862-4850-8622-0841b82958e27,Company 278,Address 278,Cellarman,0,41,28,19,12,7,49,44,5
279,5e39aa26-c288-498e-8fa9-eaa01085ec3d,Company 279,Address 279,Cellarman,9,13,34,23,7,3,46,35,7
280,4f70f21c-9142-4879-af7e-f2db18306172,Company 280,Address 280,Cellarman,1,26,39,17,7,8,44,51,3
281,563a68c9-6882-4d70-8147-c560cb0aa836,Company 281,Address 281,Restaurant,1,35,10,9,2,0,13,21,3
282,f398b38b-0dc6-4a7c-8f4d-873533585e76,Company 282,Address 282,Restaurant,1,46,8,8,4,4,13,16,2
283,f398b38b-0dc6-4a7c-8f4d-873533585e77,Company 283,Address 283,Bar,2,5,29,0,13,8,35,23,0
284,c459a1dc-b252-4936-af07-719d41f4752e,Company 284,Address 284,Restaurant,2,41,6,12,3,1,10,13,3
285,47ee8fdc-d0ee-4438-9587-3efa6c5bfce30,Company 285,Address 285,Bar,3,11,21,4,19,6,67,46,0
286,cd5191a6-101f-42c2-9478-a236df799c5a,Company 286,Address 286,Bar,1,15,22,0,10,6,59,16,0
287,c57db011-0116-464b-b47b-e8a96208ce34,Company 287,Address 287,Cellarman,4,35,34,23,9,7,42,52,3
288,a637fd7f-6862-4850-8622-0841b82958e28,Company 288,Address 288,Night Club,5,0,42,8,23,12,84,55,10
289,5e39aa26-c288-498e-8fa9-eaa01085ec3d,Company 289,Address 289,Cellarman,3,29,11,23,7,13,44,55,4
290,4f70f21c-9142-4879-af7e-f2db18306173,Company 290,Address 290,Cellarman,0,39,25,15,10,3,52,50,3
291,563a68c9-6882-4d70-8147-c560cb0aa837,Company 291,Address 291,Restaurant,3,30,6,11,4,1,12,20,1
292,f398b38b-0dc6-4a7c-8f4d-873533585e78,Company 292,Address 292,Night Club,6,3,29,11,21,21,54,45,12
293,f398b38b-0dc6-4a7c-8f4d-873533585e79,Company 293,Address 293,Bar,5,10,21,4,18,8,66,24,0
294,c459a1dc-b252-4936-af07-719d41f4752e,Company 294,Address 294,Bar,5,12,22,6,11,10,72,47,0
295,47ee8fdc-d0ee-4438-9587-3efa6c5bfce31,Company 295,Address 295,Cellarman,10,25,19,17,11,3,50,37,3
296,cd5191a6-101f-42c2-9478-a236df799c5a,Company 296,Address 296,Cellarman,2,16,21,13,12,8,52,37,10
297,c57db011-0116-464b-b47b-e8a96208ce35,Company 297,Address 297,Restaurant,2,34,5,10,3,3,10,22,2
298,a637fd7f-6862-4850-8622-0841b82958e29,Company 298,Address 298,Night Club,10,3,44,10,15,20,100,51,9
299,5e39aa26-c288-498e-8fa9-eaa01085ec3d,Company 299,Address 299,Restaurant,3,34,8,10,5,1,14,15,3
300,4f70f21c-9142-4879-af7e-f2db18306174,Company 300,Address 300,Bar,7,10,28,2,19,5,56,35,0
301,563a68c9-6882-4d70-8147-c560cb0aa838,Company 301,Address 301,Night Club,1,1,29,44,13,24,53,69,6
302,f398b38b-0dc6-4a7c-8f4d-873533585e80,Company 302,Address 302,Bar,7,14,23,4,16,6,54,43,0
303,f398b38b-0dc6-4a7c-8f4d-873533585e81,Company 303,Address 303,Night Club,14,1,21,10,15,17,65,55,5
304,c459a1dc-b252-4936-af07-719d41f4752e,Company 304,Address 304,Restaurant,2,20,10,11,5,5,11,18,2
305,47ee8fdc-d0ee-4438-9587-3efa6c5bfce32,Company 305,Address 305,Cellarman,8,49,25,10,13,8,54,34,7
306,cd5191a6-101f-42c2-9478-a236df799c5a,Company 306,Address 306,Restaurant,0,18,7,7,2,4,13,25,4
307,c57db011-0116-464b-b47b-e8a96208ce36,Company 307,Address 307,Restaurant,3,23,6,12,5,3,14,23,1
308,a637fd7f-6862-4850-8622-0841b82958e30,Company 308,Address 308,Restaurant,1,50,10,7,3,3,15,21,3
309,5e39aa26-c288-498e-8fa9-eaa01085ec3d,Company 309,Address 309,Restaurant,3,38,6,11,2,4,13,10,4
310,4f70f21c-9142-4879-af7e-f2db18306175,Company 310,Address 310,Night Club,11,0,15,11,25,17,98,40,6
311,563a68c9-6882-4d70-8147-c560cb0aa839,Company 311,Address 311,Restaurant,3,34,10,10,5,2,14,17,3
312,f398b38b-0dc6-4a7c-8f4d-873533585e82,Company 312,Address 312,Bar,6,13,19,4,19,9,43,49,0
313,f398b38b-0dc6-4a7c-8f4d-873533585e83,Company 313,Address 313,Bar,1,11,28,0,17,9,28,21,0
314,c459a1dc-b252-4936-af07-719d41f4752e,Company 314,Address 314,Bar,0,10,11,15,9,13,37,48,0
315,47ee8fdc-d0ee-4438-9587-3efa6c5bfce33,Company 315,Address 315,Cellarman,1,27,39,17,8,4,49,53,10
316,cd5191a6-101f-42c2-9478-a236df799c5a,Company 316,Address 316,Restaurant,1,25,10,12,3,0,13,23,0
317,c57db011-0116-464b-b47b-e8a96208ce37,Company 317,Address 317,Bar,3,12,27,0,13,7,51,18,0
318,a637fd7f-6862-4850-8622-0841b82958e31,Company 318,Address 318,Night Club,9,2,40,14,23,15,48,62,9
319,5e39aa26-c288-498e-8fa9-eaa01085ec3d,Company 319,Address 319,Night Club,8,0,39,6,20,14,86,44,6
320,4f70f21c-9142-4879-af7e-f2db18306176,Company 320,Address 320,Cellarman,9,43,30,17,7,10,33,49,8
321,563a68c9-6882-4d70-8147-c560cb0aa840,Company 321,Address 321,Restaurant,1,47,8,8,1,2,13,25,0
322,f398b38b-0dc6-4a7c-8f4d-873533585e84,Company 322,Address 322,Restaurant,3,31,5,10,2,3,10,23,4
323,f398b38b-0dc6-4a7c-8f4d-873533585e85,Company 323,Address 323,Restaurant,0,29,8,6,4,0,12,18,1
324,c459a1dc-b252-4936-af07-719d41f4752e,Company 324,Address 324,Night Club,6,1,43,9,16,20,51,58,10
325,47ee8fdc-d0ee-4438-9587-3efa6c5bfce34,Company 325,Address 325,Restaurant,0,13,6,12,4,5,12,14,3
326,cd5191a6-101f-42c2-9478-a236df799c5a,Company 326,Address 326,Night Club,8,3,39,13,17,14,65,70,12
327,c57db011-0116-464b-b47b-e8a96208ce38,Company 327,Address 327,Bar,4,9,25,7,12,7,58,22,0
328,a637fd7f-6862-4850-8622-0841b82958e32,Company 328,Address 328,Restaurant,1,36,5,8,5,2,15,18,1
329,5e39aa26-c288-498e-8fa9-eaa01085ec3d,Company 329,Address 329,Restaurant,1,50,9,9,3,0,12,10,4
330,4f70f21c-9142-4879-af7e-f2db18306177,Company 330,Address 330,Night Club,2,0,23,11,20,12,41,61,13
331,563a68c9-6882-4d70-8147-c560cb0aa841,Company 331,Address 331,Cellarman,3,24,43,21,8,6,31,53,4
332,f398b38b-0dc6-4a7c-8f4d-873533585e86,Company 332,Address 332,Restaurant,3,37,5,9,4,1,14,20,4
333,f398b38b-0dc6-4a7c-8f4d-873533585e87,Company 333,Address 333,Cellarman,9,12,45,22,10,3,45,49,7
334,c459a1dc-b252-4936-af07-719d41f4752e,Company 334,Address 334,Night Club,4,3,44,14,22,19,61,66,12
335,47ee8fdc-d0ee-4438-9587-3efa6c5bfce35,Company 335,Address 335,Cellarman,5,26,41,21,10,9,41,52,6
336,cd5191a6-101f-42c2-9478-a236df799c5a,Company 336,Address 336,Cellarman,2,26,35,21,7,8,30,40,5
337,c57db011-0116-464b-b47b-e8a96208ce39,Company 337,Address 337,Bar,1,14,23,5,19,6,67,41,0
338,a637fd7f-6862-4850-8622-0841b82958e33,Company 338,Address 338,Restaurant,1,26,7,7,2,1,14,10,5
339,5e39aa26-c288-498e-8fa9-eaa01085ec3d,Company 339,Address 339,Restaurant,3,47,6,8,4,1,11,18,1
340,4f70f21c-9142-4879-af7e-f2db18306178,Company 340,Address 340,Restaurant,0,19,7,7,4,2,14,21,5
341,563a68c9-6882-4d70-8147-c560cb0aa842,Company 341,Address 341,Cellarman,8,20,40,17,11,4,35,46,6
342,f398b38b-0dc6-4a7c-8f4d-873533585e88,Company 342,Address 342,Cellarman,2,26,43,11,11,8,31,49,10
343,f398b38b-0dc6-4a7c-8f4d-873533585e89,Company 343,Address 343,Restaurant,1,20,10,6,2,1,12,23,1
344,c459a1dc-b252-4936-af07-719d41f4752e,Company 344,Address 344,Restaurant,0,41,8,11,5,3,11,19,1
345,47ee8fdc-d0ee-4438-9587-3efa6c5bfce36,Company 345,Address 345,Cellarman,7,41,26,23,12,8,51,31,10
346,cd5191a6-101f-42c2-9478-a236df799c5a,Company 346,Address 346,Restaurant,1,12,7,12,5,1,11,18,4
347,c57db011-0116-464b-b47b-e8a96208ce40,Company 347,Address 347,Night Club,6,0,20,8,24,19,80,63,8
348,a637fd7f-6862-4850-8622-0841b82958e34,Company 348,Address 348,Bar,6,9,16,3,15,7,43,38,0
349,5e39aa26-c288-498e-8fa9-eaa01085ec3d,Company 349,Address 349,Cellarman,3,43,45,16,8,3,50,49,9
350,4f70f21c-9142-4879-af7e-f2db18306179,Company 350,Address 350,Bar,4,7,26,6,12,6,53,21,0
351,563a68c9-6882-4d70-8147-c560cb0aa843,Company 351,Address 351,Restaurant,3,46,7,8,5,3,14,18,2
352,f398b38b-0dc6-4a7c-8f4d-873533585e90,Company 352,Address 352,Restaurant,3,12,8,12,5,3,12,16,0
353,f398b38b-0dc6-4a7c-8f4d-873533585e91,Company 353,Address 353,Cellarman,4,15,45,23,11,6,39,43,10
354,c459a1dc-b252-4936-af07-719d41f4752e,Company 354,Address 354,Night Club,8,0,25,10,16,11,65,43,6
355,47ee8fdc-d0ee-4438-9587-3efa6c5bfce37,Company 355,Address 355,Cellarman,1,24,19,23,5,10,33,39,9
356,cd5191a6-101f-42c2-9478-a236df799c5a,Company 356,Address 356,Cellarman,2,22,24,12,9,3,53,49,7
357,c57db011-0116-464b-b47b-e8a96208ce41,Company 357,Address 357,Night Club,7,2,36,12,25,10,83,55,11
358,a637fd7f-6862-4850-8622-0841b82958e35,Company 358,Address 358,Night Club,11,4,31,8,20,11,54,67,12
359,5e39aa26-c288-498e-8fa9-eaa01085ec3d,Company 359,Address 359,Bar,5,14,26,7,12,9,37,50,0
360,4f70f21c-9142-4879-af7e-f2db18306180,Company 360,Address 360,Cellarman,1,27,40,24,8,5,54,43,7
361,563a68c9-6882-4d70-8147-c560cb0aa844,Company 361,Address 361,Cellarman,6,36,44,19,9,5,55,37,2
362,f398b38b-0dc6-4a7c-8f4d-873533585e92,Company 362,Address 362,Bar,5,5,22,5,15,10,37,31,0
363,f398b38b-0dc6-4a7c-8f4d-873533585e93,Company 363,Address 363,Night Club,13,2,18,10,21,11,94,46,10
364,c459a1dc-b252-4936-af07-719d41f4752e,Company 364,Address 364,Restaurant,3,48,8,11,2,4,14,17,3
365,47ee8fdc-d0ee-4438-9587-3efa6c5bfce38,Company 365,Address 365,Restaurant,1,34,10,9,4,0,12,20,2
366,cd5191a6-101f-42c2-9478-a236df799c5a,Company 366,Address 366,Bar,2,14,16,5,11,5,40,43,0
367,c57db011-0116-464b-b47b-e8a96208ce42,Company 367,Address 367,Restaurant,1,26,5,7,5,1,15,14,5
368,a637fd7f-6862-4850-8622-0841b82958e36,Company 368,Address 368,Night Club,12,2,11,18,12,19,53,67,11
369,5e39aa26-c288-498e-8fa9-eaa01085ec3d,Company 369,Address 369,Bar,7,15,18,5,13,9,73,24,0
370,4f70f21c-9142-4879-af7e-f2db18306181,Company 370,Address 370,Night Club,15,0,34,15,25,16,68,45,9
371,563a68c9-6882-4d70-8147-c560cb0aa845,Company 371,Address 371,Night Club,7,1,24,9,17,14,89,51,13
372,f398b38b-0dc6-4a7c-8f4d-873533585e94,Company 372,Address 372,Bar,1,8,24,0,10,5,29,26,0
373,f398b38b-0dc6-4a7c-8f4d-873533585e95,Company 373,Address 373,Bar,3,5,21,0,13,10,64,35,0
374,c459a1dc-b252-4936-af07-719d41f4752e,Company 374,Address 374,Restaurant,3,20,7,10,4,5,11,16,1
375,47ee8fdc-d0ee-4438-9587-3efa6c5bfce39,Company 375,Address 375,Cellarman,6,16,39,25,12,9,54,50,10
376,cd5191a6-101f-42c2-9478-a236df799c5a,Company 376,Address 376,Bar,1,5,28,7,16,9,65,21,0
377,c57db011-0116-464b-b47b-e8a96208ce43,Company 377,Address 377,Restaurant,1,48,5,8,4,7,10,15,1
378,a637fd7f-6862-4850-8622-0841b82958e37,Company 378,Address 378,Bar,0,9,21,6,10,6,32,43,0
379,5e39aa26-c288-498e-8fa9-eaa01085ec3d,Company 379,Address 379,Bar,1,6,16,7,19,7,44,25,0
380,4f70f21c-9142-4879-af7e-f2db18306182,Company 380,Address 380,Night Club,8,1,15,9,23,19,81,41,8
381,563a68c9-6882-4d70-8147-c560cb0aa846,Company 381,Address 381,Bar,0,14,10,27,5,15,22,30,0
382,f398b38b-0dc6-4a7c-8f4d-873533585e96,Company 382,Address 382,Night Club,2,4,26,8,22,16,73,63,14
383,f398b38b-0dc6-4a7c-8f4d-873533585e97,Company 383,Address 383,Restaurant,2,11,5,11,4,5,13,22,3
384,c459a1dc-b252-4936-af07-719d41f4752e,Company 384,Address 384,Night Club,2,3,28,8,19,13,47,58,5
385,47ee8fdc-d0ee-4438-9587-3efa6c5bfce40,Company 385,Address 385,Restaurant,3,45,10,7,5,1,13,12,0
386,cd5191a6-101f-42c2-9478-a236df799c5a,Company 386,Address 386,Night Club,0,4,21,7,23,15,65,59,8
387,c57db011-0116-464b-b47b-e8a96208ce44,Company 387,Address 387,Night Club,8,2,25,14,24,18,79,68,6
388,a637fd7f-6862-4850-8622-0841b82958e38,Company 388,Address 388,Night Club,3,1,28,6,23,20,100,60,7
389,5e39aa26-c288-498e-8fa9-eaa01085ec3d,Company 389,Address 389,Restaurant,0,21,5,10,5,2,15,14,5
390,4f70f21c-9142-4879-af7e-f2db18306183,Company 390,Address 390,Bar,0,10,25,4,13,10,38,37,0
391,563a68c9-6882-4d70-8147-c560cb0aa847,Company 391,Address 391,Cellarman,10,41,27,16,9,7,31,52,4
392,f398b38b-0dc6-4a7c-8f4d-873533585e98,Company 392,Address 392,Cellarman,4,35,32,10,7,4,50,48,9
393,f398b38b-0dc6-4a7c-8f4d-873533585e99,Company 393,Address 393,Night Club,4,0,30,13,18,17,83,42,8
394,c459a1dc-b252-4936-af07-719d41f4752e,Company 394,Address 394,Bar,6,13,28,1,19,10,29,29,0
395,47ee8fdc-d0ee-4438-9587-3efa6c5bfce41,Company 395,Address 395,Restaurant,3,45,10,12,4,3,10,11,2
396,cd5191a6-101f-42c2-9478-a236df799c5a,Company 396,Address 396,Restaurant,3,48,9,12,4,2,13,17,3
397,c57db011-0116-464b-b47b-e8a96208ce45,Company 397,Address 397,Night Club,8,4,20,9,17,20,83,41,7
398,a637fd7f-6862-4850-8622-0841b82958e39,Company 398,Address 398,Bar,3,5,20,6,10,6,58,43,0
399,5e39aa26-c288-498e-8fa9-eaa01085ec3d,Company 399,Address 399,Cellarman,4,31,43,20,8,9,31,31,5
400,4f70f21c-9142-4879-af7e-f2db18306184,Company 400,Address 400,Cellarman,4,47,28,16,12,6,36,34,6
401,563a68c9-6882-4d70-8147-c560cb0aa848,Company 401,Address 401,Restaurant,0,14,6,9,2,0,11,10,4
402,f398b38b-0dc6-4a7c-8f4d-873533585e100,Company 402,Address 402,Bar,2,9,30,0,14,7,71,21,0
403,f398b38b-0dc6-4a7c-8f4d-873533585e101,Company 403,Address 403,Night Club,4,1,45,6,21,21,57,41,12
404,c459a1dc-b252-4936-af07-719d41f4752e,Company 404,Address 404,Night Club,10,0,20,9,25,21,80,56,12
405,47ee8fdc-d0ee-4438-9587-3efa6c5bfce42,Company 405,Address 405,Cellarman,4,14,27,18,13,10,51,34,2
406,cd5191a6-101f-42c2-9478-a236df799c5a,Company 406,Address 406,Cellarman,7,17,34,22,10,8,54,52,7
407,c57db011-0116-464b-b47b-e8a96208ce46,Company 407,Address 407,Cellarman,2,10,27,22,11,10,42,34,3
408,a637fd7f-6862-4850-8622-0841b82958e40,Company 408,Address 408,Restaurant,2,43,7,9,4,5,14,22,2
409,5e39aa26-c288-498e-8fa9-eaa01085ec3d,Company 409,Address 409,Restaurant,1,17,6,8,3,0,13,20,3
410,4f70f21c-9142-4879-af7e-f2db18306185,Company 410,Address 410,Cellarman,0,47,38,12,9,10,38,35,10
411,563a68c9-6882-4d70-8147-c560cb0aa849,Company 411,Address 411,Night Club,15,1,43,15,21,16,45,50,14
412,f398b38b-0dc6-4a7c-8f4d-873533585e102,Company 412,Address 412,Night Club,0,3,21,12,20,18,100,68,7
413,f398b38b-0dc6-4a7c-8f4d-873533585e103,Company 413,Address 413,Restaurant,2,32,9,6,2,2,11,19,5
414,c459a1dc-b252-4936-af07-719d41f4752e,Company 414,Address 414,Cellarman,1,39,36,17,7,9,55,43,5
415,47ee8fdc-d0ee-4438-9587-3efa6c5bfce43,Company 415,Address 415,Bar,3,11,24,1,20,7,25,33,0
416,cd5191a6-101f-42c2-9478-a236df799c5a,Company 416,Address 416,Cellarman,3,39,25,34,6,9,31,43,8
417,c57db011-0116-464b-b47b-e8a96208ce47,Company 417,Address 417,Cellarman,0,24,40,24,10,3,39,36,4
418,a637fd7f-6862-4850-8622-0841b82958e41,Company 418,Address 418,Restaurant,3,36,9,11,4,0,12,16,3
419,5e39aa26-c288-498e-8fa9-eaa01085ec3d,Company 419,Address 419,Cellarman,1,47,21,20,11,9,45,41,7
420,4f70f21c-9142-4879-af7e-f2db18306186,Company 420,Address 420,Night Club,10,1,12,19,15,18,82,94,7
421,563a68c9-6882-4d70-8147-c560cb0aa850,Company 421,Address 421,Restaurant,1,15,7,10,4,2,10,15,1
422,f398b38b-0dc6-4a7c-8f4d-873533585e104,Company 422,Address 422,Restaurant,0,37,7,8,5,4,14,15,4
423,f398b38b-0dc6-4a7c-8f4d-873533585e105,Company 423,Address 423,Cellarman,7,49,33,18,9,9,43,43,2
424,c459a1dc-b252-4936-af07-719d41f4752e,Company 424,Address 424,Bar,5,15,18,3,20,7,73,40,0
425,47ee8fdc-d0ee-4438-9587-3efa6c5bfce44,Company 425,Address 425,Restaurant,3,17,7,11,1,3,11,20,2
426,cd5191a6-101f-42c2-9478-a236df799c5a,Company 426,Address 426,Night Club,12,1,45,8,22,15,50,55,7
427,c57db011-0116-464b-b47b-e8a96208ce48,Company 427,Address 427,Restaurant,3,37,10,6,4,1,10,11,0
428,a637fd7f-6862-4850-8622-0841b82958e42,Company 428,Address 428,Bar,0,8,16,1,11,6,40,27,0
429,5e39aa26-c288-498e-8fa9-eaa01085ec3d,Company 429,Address 429,Bar,2,7,30,3,13,5,54,26,0
430,4f70f21c-9142-4879-af7e-f2db18306187,Company 430,Address 430,Night Club,4,1,27,7,25,17,97,60,13
431,563a68c9-6882-4d70-8147-c560cb0aa851,Company 431,Address 431,Night Club,3,3,41,14,19,11,93,64,13
432,f398b38b-0dc6-4a7c-8f4d-873533585e106,Company 432,Address 432,Bar,6,12,19,4,19,6,32,18,0
433,f398b38b-0dc6-4a7c-8f4d-873533585e107,Company 433,Address 433,Night Club,9,4,28,6,25,15,72,64,8
434,c459a1dc-b252-4936-af07-719d41f4752e,Company 434,Address 434,Cellarman,0,37,27,20,8,7,48,48,4
435,47ee8fdc-d0ee-4438-9587-3efa6c5bfce45,Company 435,Address 435,Restaurant,0,23,6,6,3,5,13,18,2
436,cd5191a6-101f-42c2-9478-a236df799c5a,Company 436,Address 436,Restaurant,1,49,6,10,4,3,14,23,2
437,c57db011-0116-464b-b47b-e8a96208ce49,Company 437,Address 437,Cellarman,2,23,18,15,12,9,32,51,9
438,a637fd7f-6862-4850-8622-0841b82958e43,Company 438,Address 438,Night Club,9,3,44,13,22,10,63,68,13
439,5e39aa26-c288-498e-8fa9-eaa01085ec3d,Company 439,Address 439,Cellarman,3,24,19,24,7,11,46,51,8
440,4f70f21c-9142-4879-af7e-f2db18306188,Company 440,Address 440,Cellarman,10,45,45,15,7,10,54,43,7
441,563a68c9-6882-4d70-8147-c560cb0aa852,Company 441,Address 441,Restaurant,2,11,9,9,5,2,15,13,0
442,f398b38b-0dc6-4a7c-8f4d-873533585e108,Company 442,Address 442,Night Club,9,4,36,6,22,16,51,60,14
443,f398b38b-0dc6-4a7c-8f4d-873533585e109,Company 443,Address 443,Restaurant,1,10,8,12,5,5,12,14,1
444,c459a1dc-b252-4936-af07-719d41f4752e,Company 444,Address 444,Night Club,9,0,22,11,19,14,57,56,12
445,47ee8fdc-d0ee-4438-9587-3efa6c5bfce46,Company 445,Address 445,Cellarman,4,19,28,22,11,7,47,30,9
446,cd5191a6-101f-42c2-9478-a236df799c5a,Company 446,Address 446,Cellarman,5,47,27,13,7,7,30,50,3
447,c57db011-0116-464b-b47b-e8a96208ce50,Company 447,Address 447,Cellarman,6,43,34,16,7,6,38,31,6
448,a637fd7f-6862-4850-8622-0841b82958e44,Company 448,Address 448,Restaurant,3,24,7,9,3,1,15,14,4
449,5e39aa26-c288-498e-8fa9-eaa01085ec3d,Company 449,Address 449,Bar,4,12,30,6,13,7,75,50,
450,4f70f21c-9142-4879-af7e-f2db18306189,Company 450,Address 450,Night Club,7,1,15,14,24,21,74,50,
451,563a68c9-6882-4d70-8147-c560cb0aa853,Company 451,Address 451,Restaurant,0,12,6,7,4,5,15,10,
452,f398b38b-0dc6-4a7c-8f4d-873533585e110,Company 452,Address 452,Night Club,2,3,25,14,24,10,71,65,
453,f398b38b-0dc6-4a7c-8f4d-873533585e111,Company 453,Address 453,Restaurant,2,15,5,8,4,5,12,21,
454,c459a1dc-b252-4936-af07-719d41f4752e,Company 454,Address 454,Cellarman,10,46,19,20,12,9,52,50,
455,47ee8fdc-d0ee-4438-9587-3efa6c5bfce47,Company 455,Address 455,Night Club,12,4,21,7,21,13,47,51,
456,cd5191a6-101f-42c2-9478-a236df799c5a,Company 456,Address 456,Bar,4,6,9,12,5,15,30,41,
457,c57db011-0116-464b-b47b-e8a96208ce51,Company 457,Address 457,Bar,5,11,29,3,14,8,41,15,
458,a637fd7f-6862-4850-8622-0841b82958e45,Company 458,Address 458,Night Club,4,2,37,8,15,18,48,61,
459,5e39aa26-c288-498e-8fa9-eaa01085ec3d,Company 459,Address 459,Cellarman,2,24,22,21,9,6,34,46,
460,4f70f21c-9142-4879-af7e-f2db18306190,Company 460,Address 460,Night Club,1,3,18,25,20,22,55,66,
461,563a68c9-6882-4d70-8147-c560cb0aa854,Company 461,Address 461,Bar,5,11,26,5,16,8,28,38,
462,f398b38b-0dc6-4a7c-8f4d-873533585e112,Company 462,Address 462,Restaurant,2,10,7,11,3,4,11,25,
463,f398b38b-0dc6-4a7c-8f4d-873533585e113,Company 463,Address 463,Cellarman,6,47,42,15,7,3,51,48,
464,c459a1dc-b252-4936-af07-719d41f4752e,Company 464,Address 464,Bar,0,6,13,26,14,7,40,52,
465,47ee8fdc-d0ee-4438-9587-3efa6c5bfce48,Company 465,Address 465,Night Club,9,3,39,9,18,20,46,69,
466,cd5191a6-101f-42c2-9478-a236df799c5a,Company 466,Address 466,Restaurant,1,17,10,11,4,2,10,10,
467,c57db011-0116-464b-b47b-e8a96208ce52,Company 467,Address 467,Restaurant,3,43,5,6,5,2,10,17,
468,a637fd7f-6862-4850-8622-0841b82958e46,Company 468,Address 468,Restaurant,1,48,8,9,5,2,11,24,
469,5e39aa26-c288-498e-8fa9-eaa01085ec3d,Company 469,Address 469,Bar,2,5,28,4,10,8,60,33,
470,4f70f21c-9142-4879-af7e-f2db18306191,Company 470,Address 470,Restaurant,3,25,7,6,4,1,13,14,
471,563a68c9-6882-4d70-8147-c560cb0aa855,Company 471,Address 471,Restaurant,0,20,7,9,2,5,12,16,
472,f398b38b-0dc6-4a7c-8f4d-873533585e114,Company 472,Address 472,Cellarman,9,29,30,22,11,3,47,53,
473,f398b38b-0dc6-4a7c-8f4d-873533585e115,Company 473,Address 473,Restaurant,3,28,8,8,3,2,10,18,
474,c459a1dc-b252-4936-af07-719d41f4752e,Company 474,Address 474,Bar,3,8,20,7,18,10,32,26,
475,47ee8fdc-d0ee-4438-9587-3efa6c5bfce49,Company 475,Address 475,Night Club,13,3,26,10,23,18,51,56,
476,cd5191a6-101f-42c2-9478-a236df799c5a,Company 476,Address 476,Cellarman,4,10,18,23,10,9,37,37,
477,c57db011-0116-464b-b47b-e8a96208ce53,Company 477,Address 477,Cellarman,5,41,15,20,11,3,33,34,
478,a637fd7f-6862-4850-8622-0841b82958e47,Company 478,Address 478,Bar,6,5,15,15,8,10,47,64,
479,5e39aa26-c288-498e-8fa9-eaa01085ec3d,Company 479,Address 479,Bar,1,13,27,5,11,10,62,42,
480,4f70f21c-9142-4879-af7e-f2db18306192,Company 480,Address 480,Bar,3,6,20,0,15,10,27,15,
481,563a68c9-6882-4d70-8147-c560cb0aa856,Company 481,Address 481,Bar,6,10,25,4,10,5,52,24,
482,f398b38b-0dc6-4a7c-8f4d-873533585e116,Company 482,Address 482,Bar,7,11,16,6,14,7,28,19,
483,f398b38b-0dc6-4a7c-8f4d-873533585e117,Company 483,Address 483,Restaurant,0,36,8,11,4,3,13,10,
484,c459a1dc-b252-4936-af07-719d41f4752e,Company 484,Address 484,Night Club,11,4,21,10,18,14,69,41,
485,47ee8fdc-d0ee-4438-9587-3efa6c5bfce50,Company 485,Address 485,Night Club,13,0,21,34,18,23,44,51,
486,cd5191a6-101f-42c2-9478-a236df799c5a,Company 486,Address 486,Restaurant,1,48,9,8,4,2,14,20,
487,c57db011-0116-464b-b47b-e8a96208ce54,Company 487,Address 487,Cellarman,8,47,31,18,13,9,46,55,
488,a637fd7f-6862-4850-8622-0841b82958e48,Company 488,Address 488,Night Club,0,3,15,7,22,11,42,40,
489,5e39aa26-c288-498e-8fa9-eaa01085ec3d,Company 489,Address 489,Bar,2,10,28,3,14,9,41,39,
490,4f70f21c-9142-4879-af7e-f2db18306193,Company 490,Address 490,Cellarman,3,16,23,18,11,5,47,48,
491,563a68c9-6882-4d70-8147-c560cb0aa857,Company 491,Address 491,Restaurant,3,12,7,10,1,3,12,20,
492,f398b38b-0dc6-4a7c-8f4d-873533585e118,Company 492,Address 492,Cellarman,1,18,42,20,11,7,44,37,
493,f398b38b-0dc6-4a7c-8f4d-873533585e119,Company 493,Address 493,Night Club,0,4,34,8,25,19,64,53,
494,c459a1dc-b252-4936-af07-719d41f4752e,Company 494,Address 494,Night Club,3,2,19,14,20,15,73,47,
495,47ee8fdc-d0ee-4438-9587-3efa6c5bfce51,Company 495,Address 495,Night Club,6,3,17,24,14,19,49,57,
496,cd5191a6-101f-42c2-9478-a236df799c5a,Company 496,Address 496,Cellarman,0,23,33,11,13,7,50,47,
497,c57db011-0116-464b-b47b-e8a96208ce55,Company 497,Address 497,Restaurant,2,44,7,10,4,5,10,25,
498,a637fd7f-6862-4850-8622-0841b82958e49,Company 498,Address 498,Night Club,3,3,33,14,21,20,77,58,
499,5e39aa26-c288-498e-8fa9-eaa01085ec3d,Company 499,Address 499,Bar,4,13,30,1,14,7,32,27,
500,4f70f21c-9142-4879-af7e-f2db18306194,Company 500,Address 500,Bar,6,14,28,0,16,5,52,50,